StationID,Network,StationName,StationName,City,County,State,Latitude,Longitude,StartYear,EndYear,Frequency,LULC (Site),Depths,Depth1(cm),PercentSand1,PercentSilt1,PercentClay1,SoilType1,SaturatedHydraulicConductivity1(microM/sec),BulkDensity1(g/cc),Depth1Probe1A,Depth1Probe1AStartMonth,Depth1Probe1AStartDay,Depth1Probe1AStartYear,Depth1Probe1AEndMonth,Depth1Probe1AEndDay,Depth1Probe1AEndYear,Depth1Probe1B,Depth1Probe1BStartMonth,Depth1Probe1BStartDay,Depth1Probe1BStartYear,Depth1Probe1BEndMonth,Depth1Probe1BEndDay,Depth1Probe1BEndYear,Depth2(cm),PercentSand2,PercentSilt2,PercentClay2,SoilType2,SaturatedHydraulicConductivity2(microM/sec)2,BulkDensity2(g/cc),Depth2Probe1A,Depth2Probe1AStartMonth,Depth2Probe1AStartDay,Depth2Probe1AStartYear,Depth2Probe1AEndMonth,Depth2Probe1AEndDay,Depth2Probe1AEndYear,Depth2Probe1B,Depth2Probe1BStartMonth,Depth2Probe1BStartDay,Depth2Probe1BStartYear,Depth2Probe1BEndMonth,Depth2Probe1BEndDay,Depth2Probe1BEndYear,Depth3(cm),PercentSand3,PercentSilt3,PercentClay3,SoilType3,SaturatedHydraulicConductivity3(microM/sec),BulkDensity3(g/cc),Depth3Probe1A,Depth3Probe1AStartMonth,Depth3Probe1AStartDay,Depth3Probe1AStartYear,Depth3Probe1AEndMonth,Depth3Probe1AEndDay,Depth3Probe1AEndYear,Depth3Probe1B,Depth3Probe1BStartMonth,Depth3Probe1BStartDay,Depth3Probe1BStartYear,Depth3Probe1BEndMonth,Depth3Probe1BEndDay,Depth3Probe1BEndYear,Depth4(cm),PercentSand4,PercentSilt4,PercentClay4,SoilType4,SaturatedHydraulicConductivity4(microM/sec),BulkDensity4(g/cc),Depth4Probe1A,Depth4Probe1AStartMonth,Depth4Probe1AStartDay,Depth4Probe1AStartYear,Depth4Probe1AEndMonth,Depth4Probe1AEndDay,Depth4Probe1AEndYear,Depth4Probe1B,Depth4Probe1BStartMonth,Depth4Probe1BStartDay,Depth4Probe1BStartYear,Depth4Probe1BEndMonth,Depth4Probe1BEndDay,Depth4Probe1BEndYear,Depth5(cm),PercentSand5,PercentSilt5,PercentClay5,SoilType5,SaturatedHydraulicConductivity5(microM/sec),BulkDensity5(g/cc),Depth5Probe1A,Depth5Probe1AStartMonth,Depth5Probe1AStartDay,Depth5Probe1AStartYear,Depth5Probe1AEndMonth,Depth5Probe1AEndDay,Depth5Probe1AEndYear,Depth6(cm),PercentSand6,PercentSilt6,PercentClay6,SoilType6,SaturatedHydraulicConductivity6(microM/sec),BulkDensity6(g/cc),Depth6Probe1A,Depth6Probe1AStartMonth,Depth6Probe1AStartDay,Depth6Probe1AStartYear,Depth6Probe1AEndMonth,Depth6Probe1AEndDay,Depth6Probe1AEndYear,Depth7(cm),PercentSand7,PercentSilt7,PercentClay7,SoilType7,SaturatedHydraulicConductivity7(microM/sec),BulkDensity7(g/cc),Depth7Probe1A,Depth7Probe1AStartMonth,Depth7Probe1AStartDay,Depth7Probe1AStartYear,Depth7Probe1AEndMonth,Depth7Probe1AEndDay,Depth7Probe1AEndYear,Depth8(cm),PercentSand8,PercentSilt8,PercentClay8,SoilType8,SaturatedHydraulicConductivity8(microM/sec),BulkDensity8(g/cc),Depth8Probe1A,Depth8Probe1AStartMonth,Depth8Probe1AStartDay,Depth8Probe1AStartYear,Depth8Probe1AEndMonth,Depth8Probe1AEndDay,Depth8Probe1AEndYear,Elevation(ft),SoilPolygon,Notes
0020010012,West Texas Mesonet,Abernathy5ENE,Abernathy,Abernathy,Hale,Texas,33.88,-101.76,2000,2010,Daily,71,4,5,34.2,32.3,33.5,Clay Loam,1.41-4.23,1.25-1.40,Campbell Scientific CS615 and CS616 water content reflectometer,7,,2000,,,2012,,,,,,,,20,34.2,32.3,33.5,Clay Loam,0.42-1.41,1.30-1.55,Campbell Scientific CS615 and CS616 water content reflectometer,7,,2000,,,2012,,,,,,,,60,34.2,32.3,33.5,Clay Loam,0.42-1.41,1.30-1.55,Campbell Scientific CS615 and CS616 water content reflectometer,7,,2000,,,2012,,,,,,,,75,34.2,32.3,33.5,Clay Loam,0.42-1.41,1.30-1.55,Campbell Scientific CS615 and CS616 water content reflectometer,7,,2000,,,2013,,,,,,,,,,,,,,,,,,,,,,,,,,,,,,,,,,,,,,,,,,,,,,,,,,,,,,,,,,,,,,,,3333,s7572,"Soil metadata taken from SSURGO. Soil textures taken from USDA soil texture triangle. FEB. 2012 - the CS650 wireless unit will begin to replace the CS 616 later this year (sensors); Souce of DATA: http://www.mesonet.ttu.edu/site_info.html, and SURGO database for soil texture, sat. hydraulic cond., and bulk density; Completed March 2012"
0020020112,West Texas Mesonet,Amherst1NE,Amherst,Amherst,Lamb,Texas,34.02,-102.40,2000,2010,Daily,71,4,5,69.6,16.4,14,Sandy Loam,14.11-42.34,1.35-1.65,Campbell Scientific CS615 and CS616 water content reflectometer,7,,2001,,,2012,,,,,,,,20,69.6,16.4,14,Sandy Loam,14.11-42.34,1.35-1.65,Campbell Scientific CS615 and CS616 water content reflectometer,7,,2001,,,2012,,,,,,,,60,69.6,16.4,14,Sandy Loam,4.23-14.11,1.30-1.65,Campbell Scientific CS615 and CS616 water content reflectometer,7,,2001,,,2012,,,,,,,,75,69.6,16.4,14,Sandy Loam,4.23-14.11,1.30-1.65,Campbell Scientific CS615 and CS616 water content reflectometer,7,,2001,,,2013,,,,,,,,,,,,,,,,,,,,,,,,,,,,,,,,,,,,,,,,,,,,,,,,,,,,,,,,,,,,,,,,3647,s7164,Soil metadata taken from SSURGO. Soil textures taken from USDA soil texture triangle
0020030212,West Texas Mesonet,Anton6SSW,Anton,Anton,Hockley,Texas,33.73,-102.19,2001,2010,Daily,71,4,5,41.4,37.1,21.5,Loam,4.23-14.11,1.30-1.55,Campbell Scientific CS615 and CS616 water content reflectometer,3,,2002,,,2012,,,,,,,,20,41.4,37.1,21.5,Loam,4.23-14.11,1.30-1.55,Campbell Scientific CS615 and CS616 water content reflectometer,3,,2002,,,2012,,,,,,,,60,41.4,37.1,21.5,Loam,4.23-14.11,1.40-1.65,Campbell Scientific CS615 and CS616 water content reflectometer,3,,2002,,,2012,,,,,,,,75,41.4,37.1,21.5,Loam,4.23-14.11,1.35-1.65,Campbell Scientific CS615 and CS616 water content reflectometer,3,,2002,,,2013,,,,,,,,,,,,,,,,,,,,,,,,,,,,,,,,,,,,,,,,,,,,,,,,,,,,,,,,,,,,,,,,3405,s7153,Soil metadata taken from SSURGO. Soil textures taken from USDA soil texture triangle
0020040412,West Texas Mesonet,Aspermont3NE,Aspermont,Aspermont,Stonewall,Texas,33.17,-100.20,2001,2010,Daily,71,4,5,35.4,33.6,31,Clay Loam,1.41-4.23,1.30-1.45,Campbell Scientific CS615 and CS616 water content reflectometer,6,,2004,,,2012,,,,,,,,20,35.4,33.6,31,Loam,0.42-1.41,1.45-1.65,Campbell Scientific CS615 and CS616 water content reflectometer,6,,2004,,,2012,,,,,,,,60,35.4,33.6,31,Loam,0.42-1.41,1.45-1.65,Campbell Scientific CS615 and CS616 water content reflectometer,6,,2004,,,2012,,,,,,,,75,35.4,33.6,31,Loam,0.42-1.41,1.45-1.65,Campbell Scientific CS615 and CS616 water content reflectometer,6,,2004,,,2013,,,,,,,,,,,,,,,,,,,,,,,,,,,,,,,,,,,,,,,,,,,,,,,,,,,,,,,,,,,,,,,,1740,s7679,Soil metadata taken from SSURGO. Soil textures taken from USDA soil texture triangle
0020051112,West Texas Mesonet,BigLake1WNW,Big Lake,Big Lake,Reagan,Texas,31.19,-101.47,2001,2010,Daily,31,4,5,6,59,35,Silty Clay Loam,4.23-14.11,1.25-1.45,Campbell Scientific CS615 and CS616 water content reflectometer,6,,2011,,,2012,,,,,,,,20,6,59,35,Clay Loam,4.23-14.11,1.25-1.45,Campbell Scientific CS615 and CS616 water content reflectometer,6,,2011,,,2012,,,,,,,,60,6,59,35,Clay Loam,1.41-4.23,1.35-1.55,Campbell Scientific CS615 and CS616 water content reflectometer,6,,2011,,,2012,,,,,,,,75,6,59,35,Clay Loam,4.23-14.11,1.40-1.60,Campbell Scientific CS615 and CS616 water content reflectometer,6,,2011,,,2013,,,,,,,,,,,,,,,,,,,,,,,,,,,,,,,,,,,,,,,,,,,,,,,,,,,,,,,,,,,,,,,,2701,s7167,Soil metadata taken from SSURGO. Soil textures taken from USDA soil texture triangle
0020060112,West Texas Mesonet,Brownfield2S,Brownfield,Brownfield,Terry,Texas,33.15,-102.27,2001,2010,Daily,71,4,5,83.1,9.4,7.5,Loamy Sand,42.34-141.14,1.50-1.65,Campbell Scientific CS615 and CS616 water content reflectometer,3,,2001,,,2012,,,,,,,,20,83.1,9.4,7.5,Loamy Sand,42.34-141.14,1.50-1.65,Campbell Scientific CS615 and CS616 water content reflectometer,3,,2001,,,2012,,,,,,,,60,83.1,9.4,7.5,Loamy Sand,4.23-14.11,1.45-1.65,Campbell Scientific CS615 and CS616 water content reflectometer,3,,2001,,,2012,,,,,,,,75,83.1,9.4,7.5,Loamy Sand,4.23-14.11,1.45-1.65,Campbell Scientific CS615 and CS616 water content reflectometer,3,,2001,,,2013,,,,,,,,,,,,,,,,,,,,,,,,,,,,,,,,,,,,,,,,,,,,,,,,,,,,,,,,,,,,,,,,3314,s7539,Soil metadata taken from SSURGO. Soil textures taken from USDA soil texture triangle
0020070712,West Texas Mesonet,Childress2NNE,Childress,Childress,Childress,Texas,34.46,-100.20,2001,2010,Daily,71,4,5,41,41.5,17.5,Loam,4.23-14.11,1.35-1.55,Campbell Scientific CS615 and CS616 water content reflectometer,2,,2007,,,2012,,,,,,,,20,41,41.5,17.5,Loam,4.23-14.11,1.35-1.55,Campbell Scientific CS615 and CS616 water content reflectometer,2,,2007,,,2012,,,,,,,,60,41,41.5,17.5,Loam,4.23-14.11,1.40-1.60,Campbell Scientific CS615 and CS616 water content reflectometer,2,,2007,,,2012,,,,,,,,75,41,41.5,17.5,Loam,4.23-14.11,1.40-1.60,Campbell Scientific CS615 and CS616 water content reflectometer,2,,2007,,,2013,,,,,,,,,,,,,,,,,,,,,,,,,,,,,,,,,,,,,,,,,,,,,,,,,,,,,,,,,,,,,,,,1943,s7237,Soil metadata taken from SSURGO. Soil textures taken from USDA soil texture triangle
0020080212,West Texas Mesonet,Clarendon2WSW,Clarendon,Clarendon,Donley,Texas,34.92,-100.93,2001,2010,Daily,71,4,5,68.8,16.2,15,Sandy Loam,14.11-42.34,1.40-1.55,Campbell Scientific CS615 and CS616 water content reflectometer,12,,2002,,,2012,,,,,,,,20,68.8,16.2,15,Sandy Loam,14.11-42.34,1.40-1.55,Campbell Scientific CS615 and CS616 water content reflectometer,12,,2002,,,2012,,,,,,,,60,68.8,16.2,15,Sandy Loam,4.23-14.11,1.45-1.60,Campbell Scientific CS615 and CS616 water content reflectometer,12,,2002,,,2012,,,,,,,,75,68.8,16.2,15,Sandy Loam,4.23-14.11,1.45-1.60,Campbell Scientific CS615 and CS616 water content reflectometer,12,,2002,,,2013,,,,,,,,,,,,,,,,,,,,,,,,,,,,,,,,,,,,,,,,,,,,,,,,,,,,,,,,,,,,,,,,2836,s7477,Soil metadata taken from SSURGO. Soil textures taken from USDA soil texture triangle
0020091112,West Texas Mesonet,Coyanosa2N,Coyanosa,Coyanosa,Pecos,Texas,31.28,-103.07,2001,2010,Daily,31,4,5,6.3,62.2,31.5,Silty Clay Loam,1.41-4.23,1.20-1.30,Campbell Scientific CS615 and CS616 water content reflectometer,4,,2011,,,2012,,,,,,,,20,6.3,62.2,31.5,Silty Clay Loam,1.41-4.23,1.40-1.50,Campbell Scientific CS615 and CS616 water content reflectometer,4,,2011,,,2012,,,,,,,,60,6.3,62.2,31.5,Silty Clay Loam,1.41-4.23,1.40-1.50,Campbell Scientific CS615 and CS616 water content reflectometer,4,,2011,,,2012,,,,,,,,75,6.3,62.2,31.5,Silty Clay Loam,1.41-4.23,1.40-1.50,Campbell Scientific CS615 and CS616 water content reflectometer,4,,2011,,,2013,,,,,,,,,,,,,,,,,,,,,,,,,,,,,,,,,,,,,,,,,,,,,,,,,,,,,,,,,,,,,,,,2569,s7706,Soil metadata taken from SSURGO. Soil textures taken from USDA soil texture triangle
0020100512,West Texas Mesonet,DenverCity7WNW,Denver City,Denver City,Yoakum,Texas,32.99,-102.94,2001,2010,Daily,71,4,5,83.1,9.4,7.5,Loamy Sand,42.34-141.14,1.50-1.65,Campbell Scientific CS615 and CS616 water content reflectometer,3,,2005,,,2012,,,,,,,,20,83.1,9.4,7.5,Loamy Sand,42.34-141.14,1.50-1.65,Campbell Scientific CS615 and CS616 water content reflectometer,3,,2005,,,2012,,,,,,,,60,83.1,9.4,7.5,Loamy Sand,4.23-14.11,1.45-1.65,Campbell Scientific CS615 and CS616 water content reflectometer,3,,2005,,,2012,,,,,,,,75,83.1,9.4,7.5,Loamy Sand,4.23-14.11,1.45-1.65,Campbell Scientific CS615 and CS616 water content reflectometer,3,,2005,,,2013,,,,,,,,,,,,,,,,,,,,,,,,,,,,,,,,,,,,,,,,,,,,,,,,,,,,,,,,,,,,,,,,3652,s7539,Soil metadata taken from SSURGO. Soil textures taken from USDA soil texture triangle
0020110112,West Texas Mesonet,Dimmitt2NE,Dimmit,Dimmit,Castro,Texas,34.57,-102.29,2001,2010,Daily,71,4,5,22.1,27.9,50,Clay,0.00-0.42,1.20-1.40,Campbell Scientific CS615 and CS616 water content reflectometer,10,,2001,,,2012,,,,,,,,20,22.1,27.9,50,Clay,0.00-0.42,1.20-1.40,Campbell Scientific CS615 and CS616 water content reflectometer,10,,2001,,,2012,,,,,,,,60,22.1,27.9,50,Clay,0.00-0.42,1.25-1.40,Campbell Scientific CS615 and CS616 water content reflectometer,10,,2001,,,2012,,,,,,,,75,22.1,27.9,50,Clay,0.00-0.42,1.25-1.40,Campbell Scientific CS615 and CS616 water content reflectometer,10,,2001,,,2013,,,,,,,,,,,,,,,,,,,,,,,,,,,,,,,,,,,,,,,,,,,,,,,,,,,,,,,,,,,,,,,,3876,s7573,Soil metadata taken from SSURGO. Soil textures taken from USDA soil texture triangle
0020120812,West Texas Mesonet,DoraNM2SW,Dora,Dora,Roosevelt,New Mexico,33.92,-103.36,2001,2010,Daily,31,4,5,36.7,34.8,28.5,Clay Loam,4.23-14.11,1.25-1.45,Campbell Scientific CS615 and CS616 water content reflectometer,3,,2008,,,2012,,,,,,,,20,36.7,34.8,28.5,Clay Loam,4.23-14.11,1.25-1.45,Campbell Scientific CS615 and CS616 water content reflectometer,3,,2008,,,2012,,,,,,,,60,36.7,34.8,28.5,Clay Loam,1.41-4.23,1.25-1.55,Campbell Scientific CS615 and CS616 water content reflectometer,3,,2008,,,2012,,,,,,,,75,36.7,34.8,28.5,Clay Loam,1.41-4.23,1.25-1.55,Campbell Scientific CS615 and CS616 water content reflectometer,3,,2008,,,2013,,,,,,,,,,,,,,,,,,,,,,,,,,,,,,,,,,,,,,,,,,,,,,,,,,,,,,,,,,,,,,,,4340,s5371,Soil metadata taken from SSURGO. Soil textures taken from USDA soil texture triangle
0020130112,West Texas Mesonet,Floydada2NNE,Floydada,Floydada,Floyd,Texas,34.00,-101.33,2001,2010,Daily,71,4,5,22.1,27.9,50,Clay,0.00-0.42,1.20-1.40,Campbell Scientific CS615 and CS616 water content reflectometer,3,,2001,,,2012,,,,,,,,20,22.1,27.9,50,Clay,0.00-0.42,1.20-1.40,Campbell Scientific CS615 and CS616 water content reflectometer,3,,2001,,,2012,,,,,,,,60,22.1,27.9,50,Clay,0.00-0.42,1.25-1.40,Campbell Scientific CS615 and CS616 water content reflectometer,3,,2001,,,2012,,,,,,,,75,22.1,27.9,50,Clay,0.00-0.42,1.25-1.40,Campbell Scientific CS615 and CS616 water content reflectometer,3,,2001,,,2013,,,,,,,,,,,,,,,,,,,,,,,,,,,,,,,,,,,,,,,,,,,,,,,,,,,,,,,,,,,,,,,,3179,s7573,Soil metadata taken from SSURGO. Soil textures taken from USDA soil texture triangle
0020140212,West Texas Mesonet,Fluvanna3WNW,Fluvanna,Fluvanna,Borden,Texas,32.90,-101.20,2001,2010,Daily,71,4,5,37.9,35.6,26.5,Loam,4.23-14.11,1.35-1.55,Campbell Scientific CS615 and CS616 water content reflectometer,7,,2002,,,2012,,,,,,,,20,37.9,35.6,26.5,Loam,4.23-14.11,1.35-1.55,Campbell Scientific CS615 and CS616 water content reflectometer,7,,2002,,,2012,,,,,,,,60,37.9,35.6,26.5,Loam,4.23-42.34,1.40-1.65,Campbell Scientific CS615 and CS616 water content reflectometer,7,,2002,,,2012,,,,,,,,75,37.9,35.6,26.5,Loam,4.23-42.34,1.40-1.65,Campbell Scientific CS615 and CS616 water content reflectometer,7,,2002,,,2013,,,,,,,,,,,,,,,,,,,,,,,,,,,,,,,,,,,,,,,,,,,,,,,,,,,,,,,,,,,,,,,,2707,s7567,Soil metadata taken from SSURGO. Soil textures taken from USDA soil texture triangle
0020150112,West Texas Mesonet,Friona2NE,Friona,Friona,Parmer,Texas,34.65,-102.69,2001,2010,Daily,71,4,5,34.2,37.3,28.5,Clay Loam,4.23-14.11,1.25-1.45,Campbell Scientific CS615 and CS616 water content reflectometer,9,,2001,,,2012,,,,,,,,20,34.2,37.3,28.5,Clay Loam,4.23-14.11,1.25-1.45,Campbell Scientific CS615 and CS616 water content reflectometer,9,,2001,,,2012,,,,,,,,60,34.2,37.3,28.5,Clay Loam,1.41-4.23,1.25-1.55,Campbell Scientific CS615 and CS616 water content reflectometer,9,,2001,,,2012,,,,,,,,75,34.2,37.3,28.5,Clay Loam,1.41-4.23,1.25-1.55,Campbell Scientific CS615 and CS616 water content reflectometer,9,,2001,,,2013,,,,,,,,,,,,,,,,,,,,,,,,,,,,,,,,,,,,,,,,,,,,,,,,,,,,,,,,,,,,,,,,4005,s7511,Soil metadata taken from SSURGO. Soil textures taken from USDA soil texture triangle
0020160112,West Texas Mesonet,Gail2ESE,Gail,Gail,Borden,Texas,32.76,-101.41,2001,2010,Daily,71,4,5,41.6,37.4,21,Loam,4.23-14.11,1.40-1.55,Campbell Scientific CS615 and CS616 water content reflectometer,11,,2001,,,2012,,,,,,,,20,41.6,37.4,21,Loam,4.23-14.11,1.40-1.55,Campbell Scientific CS615 and CS616 water content reflectometer,11,,2001,,,2012,,,,,,,,60,41.6,37.4,21,Loam,4.23-14.11,1.40-1.55,Campbell Scientific CS615 and CS616 water content reflectometer,11,,2001,,,2012,,,,,,,,75,41.6,37.4,21,Loam,4.23-14.11,1.40-1.55,Campbell Scientific CS615 and CS616 water content reflectometer,11,,2001,,,2013,,,,,,,,,,,,,,,,,,,,,,,,,,,,,,,,,,,,,,,,,,,,,,,,,,,,,,,,,,,,,,,,2547,s7228,Soil metadata taken from SSURGO. Soil textures taken from USDA soil texture triangle
0020170512,West Texas Mesonet,Goodlett3W,Goodlett,Goodlett,Hardeman,Texas,34.34,-99.94,2001,2010,Daily,31,4,5,35.4,33.6,31,Clay Loam,1.41-4.23,1.30-1.45,Campbell Scientific CS615 and CS616 water content reflectometer,1,,2005,,,2012,,,,,,,,20,35.4,33.6,31,Loam,0.42-1.41,1.45-1.65,Campbell Scientific CS615 and CS616 water content reflectometer,1,,2005,,,2012,,,,,,,,60,35.4,33.6,31,Loam,0.42-1.41,1.45-1.65,Campbell Scientific CS615 and CS616 water content reflectometer,1,,2005,,,2012,,,,,,,,75,35.4,33.6,31,Loam,0.42-1.41,1.45-1.65,Campbell Scientific CS615 and CS616 water content reflectometer,1,,2005,,,2013,,,,,,,,,,,,,,,,,,,,,,,,,,,,,,,,,,,,,,,,,,,,,,,,,,,,,,,,,,,,,,,,1644,s7679,Soil metadata taken from SSURGO. Soil textures taken from USDA soil texture triangle
0020180212,West Texas Mesonet,Guthrie10WSW,Guthrie (Pitchfork Ranch),Guthrie,King,Texas,33.57,-100.48,2001,2010,Daily,71,4,5,41,41.5,17.5,Loam,4.23-14.11,1.35-1.55,Campbell Scientific CS615 and CS616 water content reflectometer,12,,2002,,,2012,,,,,,,,20,41,41.5,17.5,Loam,4.23-14.11,1.35-1.55,Campbell Scientific CS615 and CS616 water content reflectometer,12,,2002,,,2012,,,,,,,,60,41,41.5,17.5,Loam,4.23-14.11,1.40-1.60,Campbell Scientific CS615 and CS616 water content reflectometer,12,,2002,,,2012,,,,,,,,75,41,41.5,17.5,Loam,4.23-14.11,1.40-1.60,Campbell Scientific CS615 and CS616 water content reflectometer,12,,2002,,,2013,,,,,,,,,,,,,,,,,,,,,,,,,,,,,,,,,,,,,,,,,,,,,,,,,,,,,,,,,,,,,,,,1998,s7237,Soil metadata taken from SSURGO. Soil textures taken from USDA soil texture triangle
0020190112,West Texas Mesonet,Hart3N,Hart,Hart,Castro,Texas,34.42,-102.11,2001,2010,Daily,71,4,5,34.2,37.3,28.5,Clay Loam,4.23-14.11,1.25-1.45,Campbell Scientific CS615 and CS616 water content reflectometer,9,,2001,,,2012,,,,,,,,20,34.2,37.3,28.5,Clay Loam,4.23-14.11,1.25-1.45,Campbell Scientific CS615 and CS616 water content reflectometer,9,,2001,,,2012,,,,,,,,60,34.2,37.3,28.5,Clay Loam,1.41-4.23,1.25-1.55,Campbell Scientific CS615 and CS616 water content reflectometer,9,,2001,,,2012,,,,,,,,75,34.2,37.3,28.5,Clay Loam,1.41-4.23,1.25-1.55,Campbell Scientific CS615 and CS616 water content reflectometer,9,,2001,,,2013,,,,,,,,,,,,,,,,,,,,,,,,,,,,,,,,,,,,,,,,,,,,,,,,,,,,,,,,,,,,,,,,3694,s7511,Soil metadata taken from SSURGO. Soil textures taken from USDA soil texture triangle
0020200412,West Texas Mesonet,Hereford2NW,Hereford,Hereford,Deaf Smith,Texas,34.83,-102.42,2001,2010,Daily,71,4,5,34.2,32.3,33.5,Clay Loam,1.41-4.23,1.25-1.40,Campbell Scientific CS615 and CS616 water content reflectometer,9,,2004,,,2012,,,,,,,,20,34.2,32.3,33.5,Clay Loam,0.42-1.41,1.30-1.55,Campbell Scientific CS615 and CS616 water content reflectometer,9,,2004,,,2012,,,,,,,,60,34.2,32.3,33.5,Clay Loam,0.42-1.41,1.30-1.55,Campbell Scientific CS615 and CS616 water content reflectometer,9,,2004,,,2012,,,,,,,,75,34.2,32.3,33.5,Clay Loam,0.42-1.41,1.30-1.55,Campbell Scientific CS615 and CS616 water content reflectometer,9,,2004,,,2013,,,,,,,,,,,,,,,,,,,,,,,,,,,,,,,,,,,,,,,,,,,,,,,,,,,,,,,,,,,,,,,,3863,s7571,Soil metadata taken from SSURGO. Soil textures taken from USDA soil texture triangle
0020210312,West Texas Mesonet,Jayton1SSE,Jayton,Jayton,Kent,Texas,33.23,-100.57,2001,2010,Daily,71,4,5,70.9,16.6,12.5,Sandy Loam,14.11-42.34,1.40-1.60,Campbell Scientific CS615 and CS616 water content reflectometer,8,,2003,,,2012,,,,,,,,20,70.9,16.6,12.5,Sandy Loam,14.11-42.34,1.40-1.60,Campbell Scientific CS615 and CS616 water content reflectometer,8,,2003,,,2012,,,,,,,,60,70.9,16.6,12.5,Sandy Loam,4.23-14.11,1.50-1.65,Campbell Scientific CS615 and CS616 water content reflectometer,8,,2003,,,2012,,,,,,,,75,70.9,16.6,12.5,Sandy Loam,4.23-14.11,1.50-1.65,Campbell Scientific CS615 and CS616 water content reflectometer,8,,2003,,,2013,,,,,,,,,,,,,,,,,,,,,,,,,,,,,,,,,,,,,,,,,,,,,,,,,,,,,,,,,,,,,,,,2010,s7468,Soil metadata taken from SSURGO. Soil textures taken from USDA soil texture triangle
0020230112,West Texas Mesonet,Lamesa2SE,Lamesa,Lamesa,Dawson,Texas,32.71,-101.94,2001,2010,Daily,71,4,5,69.6,16.4,14,Sandy Loam,14.11-42.34,1.35-1.60,Campbell Scientific CS615 and CS616 water content reflectometer,9,,2001,,,2012,,,,,,,,20,69.6,16.4,14,Sandy Loam,14.11-42.34,1.35-1.60,Campbell Scientific CS615 and CS616 water content reflectometer,9,,2001,,,2012,,,,,,,,60,69.6,16.4,14,Sandy Loam,4.23-14.11,1.30-1.65,Campbell Scientific CS615 and CS616 water content reflectometer,9,,2001,,,2012,,,,,,,,75,69.6,16.4,14,Sandy Loam,4.23-14.11,1.30-1.65,Campbell Scientific CS615 and CS616 water content reflectometer,9,,2001,,,2013,,,,,,,,,,,,,,,,,,,,,,,,,,,,,,,,,,,,,,,,,,,,,,,,,,,,,,,,,,,,,,,,2956,s7166,Soil metadata taken from SSURGO. Soil textures taken from USDA soil texture triangle
0020240112,West Texas Mesonet,Levelland4S,Levelland,Levelland,Hockley,Texas,33.53,-102.36,2002,2010,Daily,71,4,5,69.6,16.4,14,Sandy Loam,14.11-42.34,1.35-1.60,Campbell Scientific CS615 and CS616 water content reflectometer,2,,2001,,,2012,,,,,,,,20,69.6,16.4,14,Sandy Loam,14.11-42.34,1.35-1.60,Campbell Scientific CS615 and CS616 water content reflectometer,2,,2001,,,2012,,,,,,,,60,69.6,16.4,14,Sandy Loam,4.23-14.11,1.30-1.65,Campbell Scientific CS615 and CS616 water content reflectometer,2,,2001,,,2012,,,,,,,,75,69.6,16.4,14,Sandy Loam,4.23-14.11,1.30-1.65,Campbell Scientific CS615 and CS616 water content reflectometer,2,,2001,,,2013,,,,,,,,,,,,,,,,,,,,,,,,,,,,,,,,,,,,,,,,,,,,,,,,,,,,,,,,,,,,,,,,3496,s7164,Soil metadata taken from SSURGO. Soil textures taken from USDA soil texture triangle
0020259912,West Texas Mesonet,Lubbock3WNW-TTU,Lubbock (Texas Tech University),Lubbock,Lubbock,Texas,33.60,-101.90,2002,2010,Daily,71,4,5,41.4,37.1,21.5,Loam,4.23-14.11,1.30-1.55,Campbell Scientific CS615 and CS616 water content reflectometer,10,,2002,,,2012,,,,,,,,20,41.4,37.1,21.5,Loam,4.23-14.11,1.30-1.55,Campbell Scientific CS615 and CS616 water content reflectometer,10,,2002,,,2012,,,,,,,,60,41.4,37.1,21.5,Loam,4.23-14.11,1.40-1.65,Campbell Scientific CS615 and CS616 water content reflectometer,10,,2002,,,2012,,,,,,,,75,41.4,37.1,21.5,Loam,4.23-14.11,1.40-1.65,Campbell Scientific CS615 and CS616 water content reflectometer,10,,2002,,,2013,,,,,,,,,,,,,,,,,,,,,,,,,,,,,,,,,,,,,,,,,,,,,,,,,,,,,,,,,,,,,,,,3232,s7153,Soil metadata taken from SSURGO. Soil textures taken from USDA soil texture triangle
0020260312,West Texas Mesonet,Memphis1NE,Memphis,Memphis,Hall,Texas,34.73,-100.53,2002,2010,Daily,31,4,5,41,41.5,17.5,Loam,4.23-14.11,1.35-1.55,Campbell Scientific CS615 and CS616 water content reflectometer,7,,2003,,,2012,,,,,,,,20,41,41.5,17.5,Loam,4.23-14.11,1.35-1.55,Campbell Scientific CS615 and CS616 water content reflectometer,7,,2003,,,2012,,,,,,,,60,41,41.5,17.5,Loam,4.23-14.11,1.40-1.60,Campbell Scientific CS615 and CS616 water content reflectometer,7,,2003,,,2012,,,,,,,,75,41,41.5,17.5,Loam,4.23-14.11,1.40-1.60,Campbell Scientific CS615 and CS616 water content reflectometer,7,,2003,,,2013,,,,,,,,,,,,,,,,,,,,,,,,,,,,,,,,,,,,,,,,,,,,,,,,,,,,,,,,,,,,,,,,2057,s7237,Soil metadata taken from SSURGO. Soil textures taken from USDA soil texture triangle
0020270112,West Texas Mesonet,Morton1ENE,Morton,Morton,Cochran,Texas,33.73,-102.74,2002,2010,Daily,71,4,5,69.6,16.4,14,Sandy Loam,14.11-42.34,1.35-1.60,Campbell Scientific CS615 and CS616 water content reflectometer,4,,2001,,,2012,,,,,,,,20,69.6,16.4,14,Sandy Loam,14.11-42.34,1.35-1.60,Campbell Scientific CS615 and CS616 water content reflectometer,4,,2001,,,2012,,,,,,,,60,69.6,16.4,14,Sandy Loam,4.23-14.11,1.30-1.65,Campbell Scientific CS615 and CS616 water content reflectometer,4,,2001,,,2012,,,,,,,,75,69.6,16.4,14,Sandy Loam,4.23-14.11,1.30-1.65,Campbell Scientific CS615 and CS616 water content reflectometer,4,,2001,,,2013,,,,,,,,,,,,,,,,,,,,,,,,,,,,,,,,,,,,,,,,,,,,,,,,,,,,,,,,,,,,,,,,3754,s7164,Soil metadata taken from SSURGO. Soil textures taken from USDA soil texture triangle
0020280112,West Texas Mesonet,Muleshoe2SSW,Muleshoe,Muleshoe,Bailey,Texas,34.21,-102.74,2002,2010,Daily,31,4,5,94.4,0.6,5,Sand,42.34-141.14,1.30-1.40,Campbell Scientific CS615 and CS616 water content reflectometer,3,,2001,,,2012,,,,,,,,20,94.4,0.6,5,Sand,42.34-141.14,1.50-1.60,Campbell Scientific CS615 and CS616 water content reflectometer,3,,2001,,,2012,,,,,,,,60,94.4,0.6,5,Sand,42.34-141.14,1.50-1.60,Campbell Scientific CS615 and CS616 water content reflectometer,3,,2001,,,2012,,,,,,,,75,94.4,0.6,5,Sand,42.34-141.14,1.50-1.60,Campbell Scientific CS615 and CS616 water content reflectometer,3,,2001,,,2013,,,,,,,,,,,,,,,,,,,,,,,,,,,,,,,,,,,,,,,,,,,,,,,,,,,,,,,,,,,,,,,,3806,s7503,Soil metadata taken from SSURGO. Soil textures taken from USDA soil texture triangle
0020290812,West Texas Mesonet,Northfield1S,Northfield,Northfield,Motley,Texas,34.27,-100.60,2002,2010,Daily,71,4,5,67.2,15.3,17.5,Sandy Loam,1.41-42.34,1.35-1.55,Campbell Scientific CS615 and CS616 water content reflectometer,2,,2008,,,2012,,,,,,,,20,67.2,15.3,17.5,Sandy Loam,4.23-14.11,1.35-1.55,Campbell Scientific CS615 and CS616 water content reflectometer,2,,2008,,,2012,,,,,,,,60,67.2,15.3,17.5,Sandy Loam,4.23-14.11,1.35-1.55,Campbell Scientific CS615 and CS616 water content reflectometer,2,,2008,,,2012,,,,,,,,75,67.2,15.3,17.5,Sandy Loam,4.23-141.14,1.40-1.60,Campbell Scientific CS615 and CS616 water content reflectometer,2,,2008,,,2013,,,,,,,,,,,,,,,,,,,,,,,,,,,,,,,,,,,,,,,,,,,,,,,,,,,,,,,,,,,,,,,,2088,s7474,Soil metadata taken from SSURGO. Soil textures taken from USDA soil texture triangle
0020300112,West Texas Mesonet,O'Donnell1N,O'Donnell,O'Donnell,Lynn,Texas,32.98,-101.83,2003,2010,Daily,71,4,5,69.6,16.4,14,Sandy Loam,14.11-42.34,1.35-1.60,Campbell Scientific CS615 and CS616 water content reflectometer,6,,2001,,,2012,,,,,,,,20,69.6,16.4,14,Sandy Loam,14.11-42.34,1.35-1.60,Campbell Scientific CS615 and CS616 water content reflectometer,6,,2001,,,2012,,,,,,,,60,69.6,16.4,14,Sandy Loam,4.23-14.11,1.30-1.65,Campbell Scientific CS615 and CS616 water content reflectometer,6,,2001,,,2012,,,,,,,,75,69.6,16.4,14,Sandy Loam,4.23-14.11,1.30-1.65,Campbell Scientific CS615 and CS616 water content reflectometer,6,,2001,,,2013,,,,,,,,,,,,,,,,,,,,,,,,,,,,,,,,,,,,,,,,,,,,,,,,,,,,,,,,,,,,,,,,3054,s7164,Soil metadata taken from SSURGO. Soil textures taken from USDA soil texture triangle
0020310112,West Texas Mesonet,Olton6S,Olton,Olton,Lamb,Texas,34.09,-102.12,2003,2010,Daily,71,4,5,69.6,16.4,14,Sandy Loam,14.11-42.34,1.35-1.60,Campbell Scientific CS615 and CS616 water content reflectometer,4,,2001,,,2013,,,,,,,,20,69.6,16.4,14,Sandy Loam,14.11-42.34,1.35-1.60,Campbell Scientific CS615 and CS616 water content reflectometer,4,,2001,,,2013,,,,,,,,60,69.6,16.4,14,Sandy Loam,4.23-14.11,1.30-1.65,Campbell Scientific CS615 and CS616 water content reflectometer,4,,2001,,,2013,,,,,,,,75,69.6,16.4,14,Sandy Loam,4.23-14.11,1.30-1.65,Campbell Scientific CS615 and CS616 water content reflectometer,4,,2001,,,2013,,,,,,,,,,,,,,,,,,,,,,,,,,,,,,,,,,,,,,,,,,,,,,,,,,,,,,,,,,,,,,,,3566,s7164,Soil metadata taken from SSURGO. Soil textures taken from USDA soil texture triangle
0020320312,West Texas Mesonet,Paducah10SW,Paducah,Paducah,Cottle,Texas,33.89,-100.40,2003,2010,Daily,71,4,5,77.4,16.1,6.5,Loamy Sand,14.11-42.34,1.50-1.65,Campbell Scientific CS615 and CS616 water content reflectometer,3,,2003,,,2013,,,,,,,,20,77.4,16.1,6.5,Loamy Sand,14.11-42.34,1.50-1.65,Campbell Scientific CS615 and CS616 water content reflectometer,3,,2003,,,2013,,,,,,,,60,77.4,16.1,6.5,Loamy Sand,4.23-14.11,1.50-1.65,Campbell Scientific CS615 and CS616 water content reflectometer,3,,2003,,,2013,,,,,,,,75,77.4,16.1,6.5,Loamy Sand,4.23-14.11,1.50-1.65,Campbell Scientific CS615 and CS616 water content reflectometer,3,,2003,,,2013,,,,,,,,,,,,,,,,,,,,,,,,,,,,,,,,,,,,,,,,,,,,,,,,,,,,,,,,,,,,,,,,2021,s7476,Soil metadata taken from SSURGO. Soil textures taken from USDA soil texture triangle
0020330312,West Texas Mesonet,Pampa2E,Pampa,Pampa,Gray,Texas,35.54,-100.93,2003,2010,Daily,71,4,5,17.5,49,33.5,Silty Clay Loam,1.41-4.23,1.25-1.40,Campbell Scientific CS615 and CS616 water content reflectometer,11,,2003,,,2013,,,,,,,,20,17.5,49,33.5,Silty Clay Loam,1.41-4.23,1.25-1.40,Campbell Scientific CS615 and CS616 water content reflectometer,11,,2003,,,2013,,,,,,,,60,17.5,49,33.5,Silty Clay Loam,0.42-1.41,1.30-1.55,Campbell Scientific CS615 and CS616 water content reflectometer,11,,2003,,,2013,,,,,,,,75,17.5,49,33.5,Silty Clay Loam,0.42-1.41,1.30-1.55,Campbell Scientific CS615 and CS616 water content reflectometer,11,,2003,,,2013,,,,,,,,,,,,,,,,,,,,,,,,,,,,,,,,,,,,,,,,,,,,,,,,,,,,,,,,,,,,,,,,3216,s7570,Soil metadata taken from SSURGO. Soil textures taken from USDA soil texture triangle
0020340112,West Texas Mesonet,Plains3N,Plains,Plains,Yoakum,Texas,33.23,-102.84,2004,2010,Daily,71,4,5,83.1,9.4,7.5,Loamy Sand,42.34-141.14,1.50-1.65,Campbell Scientific CS615 and CS616 water content reflectometer,9,,2001,,,2013,,,,,,,,20,83.1,9.4,7.5,Loamy Sand,42.34-141.14,1.50-1.65,Campbell Scientific CS615 and CS616 water content reflectometer,9,,2001,,,2013,,,,,,,,60,83.1,9.4,7.5,Loamy Sand,4.23-14.11,1.45-1.65,Campbell Scientific CS615 and CS616 water content reflectometer,9,,2001,,,2013,,,,,,,,75,83.1,9.4,7.5,Loamy Sand,4.23-14.11,1.45-1.65,Campbell Scientific CS615 and CS616 water content reflectometer,9,,2001,,,2013,,,,,,,,,,,,,,,,,,,,,,,,,,,,,,,,,,,,,,,,,,,,,,,,,,,,,,,,,,,,,,,,3711,s7539,Soil metadata taken from SSURGO. Soil textures taken from USDA soil texture triangle
0020350112,West Texas Mesonet,Ralls1SE,Ralls,Ralls,Crosby,Texas,33.67,-101.38,2005,2010,Daily,71,4,5,34.2,32.3,33.5,Clay Loam,1.41-4.23,1.25-1.40,Campbell Scientific CS615 and CS616 water content reflectometer,3,,2001,,,2013,,,,,,,,20,34.2,32.3,33.5,Clay Loam,0.42-1.41,1.30-1.55,Campbell Scientific CS615 and CS616 water content reflectometer,3,,2001,,,2013,,,,,,,,60,34.2,32.3,33.5,Clay Loam,0.42-1.41,1.30-1.55,Campbell Scientific CS615 and CS616 water content reflectometer,3,,2001,,,2013,,,,,,,,75,34.2,32.3,33.5,Clay Loam,0.42-1.41,1.30-1.55,Campbell Scientific CS615 and CS616 water content reflectometer,3,,2001,,,2013,,,,,,,,,,,,,,,,,,,,,,,,,,,,,,,,,,,,,,,,,,,,,,,,,,,,,,,,,,,,,,,,3097,s7572,Soil metadata taken from SSURGO. Soil textures taken from USDA soil texture triangle
0020360012,West Texas Mesonet,ReeseCenter,Reese Center,Lubbock,Lubbock,Texas,33.61,-102.05,2005,2010,Daily,71,4,5,41.4,37.1,21.5,Loam,4.23-14.11,1.30-1.55,Campbell Scientific CS615 and CS616 water content reflectometer,6,,2000,,,2013,,,,,,,,20,41.4,37.1,21.5,Loam,4.23-14.11,1.30-1.55,Campbell Scientific CS615 and CS616 water content reflectometer,6,,2000,,,2013,,,,,,,,60,41.4,37.1,21.5,Loam,4.23-14.11,1.40-1.65,Campbell Scientific CS615 and CS616 water content reflectometer,6,,2000,,,2013,,,,,,,,75,41.4,37.1,21.5,Loam,4.23-14.11,1.40-1.65,Campbell Scientific CS615 and CS616 water content reflectometer,6,,2000,,,2013,,,,,,,,,,,,,,,,,,,,,,,,,,,,,,,,,,,,,,,,,,,,,,,,,,,,,,,,,,,,,,,,3347,s7153,Soil metadata taken from SSURGO. Soil textures taken from USDA soil texture triangle
0020370112,West Texas Mesonet,RoaringSprings3N,Roaring Springs,Roaring Springs,Motley,Texas,33.94,-100.85,2005,2010,Daily,71,4,5,70.9,16.6,12.5,Sandy Loam,14.11-42.34,1.40-1.60,Campbell Scientific CS615 and CS616 water content reflectometer,2,,2001,,,2013,,,,,,,,20,70.9,16.6,12.5,Sandy Loam,14.11-42.34,1.40-1.60,Campbell Scientific CS615 and CS616 water content reflectometer,2,,2001,,,2013,,,,,,,,60,70.9,16.6,12.5,Sandy Loam,4.23-14.11,1.50-1.65,Campbell Scientific CS615 and CS616 water content reflectometer,2,,2001,,,2013,,,,,,,,75,70.9,16.6,12.5,Sandy Loam,4.23-14.11,1.50-1.65,Campbell Scientific CS615 and CS616 water content reflectometer,2,,2001,,,2013,,,,,,,,,,,,,,,,,,,,,,,,,,,,,,,,,,,,,,,,,,,,,,,,,,,,,,,,,,,,,,,,2615,s7468,Soil metadata taken from SSURGO. Soil textures taken from USDA soil texture triangle
0020380812,West Texas Mesonet,SanAngelo7NW,San Angelo,San Angelo,Tom Green,Texas,31.54,-100.51,2006,2010,Daily,71,4,5,6,59,35,Silty Clay Loam,4.23-14.11,1.25-1.45,Campbell Scientific CS615 and CS616 water content reflectometer,9,,2008,,,2013,,,,,,,,20,6,59,35,Silty Clay Loam,4.23-14.11,1.25-1.45,Campbell Scientific CS615 and CS616 water content reflectometer,9,,2008,,,2013,,,,,,,,60,6,59,35,Silty Clay Loam,1.41-4.23,1.35-1.55,Campbell Scientific CS615 and CS616 water content reflectometer,9,,2008,,,2013,,,,,,,,75,6,59,35,Silty Clay Loam,4.23-14.11,1.40-1.60,Campbell Scientific CS615 and CS616 water content reflectometer,9,,2008,,,2013,,,,,,,,,,,,,,,,,,,,,,,,,,,,,,,,,,,,,,,,,,,,,,,,,,,,,,,,,,,,,,,,1957,s7171,Soil metadata taken from SSURGO. Soil textures taken from USDA soil texture triangle
0020390112,West Texas Mesonet,Seagraves1SW,Seagraves,Seagraves,Gaines,Texas,32.94,-102.57,2006,2010,Daily,71,4,5,83.1,9.4,7.5,Loamy Sand,4.23-141.14,1.50-1.65,Campbell Scientific CS615 and CS616 water content reflectometer,7,,2001,,,2013,,,,,,,,20,83.1,9.4,7.5,Loamy Sand,4.23-141.14,1.50-1.65,Campbell Scientific CS615 and CS616 water content reflectometer,7,,2001,,,2013,,,,,,,,60,83.1,9.4,7.5,Loamy Sand,4.23-14.11,1.45-1.65,Campbell Scientific CS615 and CS616 water content reflectometer,7,,2001,,,2013,,,,,,,,75,83.1,9.4,7.5,Loamy Sand,4.23-14.11,1.45-1.65,Campbell Scientific CS615 and CS616 water content reflectometer,7,,2001,,,2013,,,,,,,,,,,,,,,,,,,,,,,,,,,,,,,,,,,,,,,,,,,,,,,,,,,,,,,,,,,,,,,,3360,s7539,Soil metadata taken from SSURGO. Soil textures taken from USDA soil texture triangle
0020400112,West Texas Mesonet,Seminole2NNE,Seminole,Seminole,Gaines,Texas,32.74,-102.64,2007,2010,Daily,31,4,5,83.1,9.4,7.5,Loamy Sand,4.23-141.14,1.50-1.65,Campbell Scientific CS615 and CS616 water content reflectometer,11,,2001,,,2013,,,,,,,,20,83.1,9.4,7.5,Loamy Sand,4.23-141.14,1.50-1.65,Campbell Scientific CS615 and CS616 water content reflectometer,11,,2001,,,2013,,,,,,,,60,83.1,9.4,7.5,Loamy Sand,4.23-14.11,1.45-1.65,Campbell Scientific CS615 and CS616 water content reflectometer,11,,2001,,,2013,,,,,,,,75,83.1,9.4,7.5,Loamy Sand,4.23-14.11,1.45-1.65,Campbell Scientific CS615 and CS616 water content reflectometer,11,,2001,,,2013,,,,,,,,,,,,,,,,,,,,,,,,,,,,,,,,,,,,,,,,,,,,,,,,,,,,,,,,,,,,,,,,3313,s7539,Soil metadata taken from SSURGO. Soil textures taken from USDA soil texture triangle
0020410912,West Texas Mesonet,Seymour3NW,Seymour,Seymour,Baylor,Texas,33.63,-99.29,2007,2010,Daily,71,4,5,39.2,37.3,23.5,Loam,4.23-14.11,1.35-1.50,Campbell Scientific CS615 and CS616 water content reflectometer,10,,2009,,,2013,,,,,,,,20,39.2,37.3,23.5,Loam,1.41-4.23,1.45-1.60,Campbell Scientific CS615 and CS616 water content reflectometer,10,,2009,,,2013,,,,,,,,60,39.2,37.3,23.5,Loam,1.41-4.23,1.45-1.60,Campbell Scientific CS615 and CS616 water content reflectometer,10,,2009,,,2013,,,,,,,,75,39.2,37.3,23.5,Loam,1.41-4.23,1.45-1.60,Campbell Scientific CS615 and CS616 water content reflectometer,10,,2009,,,2013,,,,,,,,,,,,,,,,,,,,,,,,,,,,,,,,,,,,,,,,,,,,,,,,,,,,,,,,,,,,,,,,1302,s7610,Soil metadata taken from SSURGO. Soil textures taken from USDA soil texture triangle
0020420112,West Texas Mesonet,Silverton7ESE,Silverton,Silverton,Briscoe,Texas,34.45,-101.19,2008,2010,Daily,71,4,5,22.1,27.9,50,Clay,0.00-0.42,1.20-1.40,Campbell Scientific CS615 and CS616 water content reflectometer,11,,2001,,,2013,,,,,,,,20,22.1,27.9,50,Clay Loam,0.00-0.42,1.20-1.40,Campbell Scientific CS615 and CS616 water content reflectometer,11,,2001,,,2013,,,,,,,,60,22.1,27.9,50,Clay Loam,0.00-0.42,1.25-1.40,Campbell Scientific CS615 and CS616 water content reflectometer,11,,2001,,,2013,,,,,,,,75,22.1,27.9,50,Clay Loam,0.00-0.42,1.25-1.40,Campbell Scientific CS615 and CS616 water content reflectometer,11,,2001,,,2013,,,,,,,,,,,,,,,,,,,,,,,,,,,,,,,,,,,,,,,,,,,,,,,,,,,,,,,,,,,,,,,,3202,s7573,Soil metadata taken from SSURGO. Soil textures taken from USDA soil texture triangle
0020430212,West Texas Mesonet,Spur1W,Spur,Spur,Dickens,Texas,33.48,-100.88,2009,2010,Daily,71,4,5,34.7,37.8,27.5,Clay Loam,4.23-14.11,1.25-1.45,Campbell Scientific CS615 and CS616 water content reflectometer,8,,2002,,,2013,,,,,,,,20,34.7,37.8,27.5,Clay Loam,1.41-4.23,1.35-1.55,Campbell Scientific CS615 and CS616 water content reflectometer,8,,2002,,,2013,,,,,,,,60,34.7,37.8,27.5,Clay Loam,1.41-4.23,1.35-1.55,Campbell Scientific CS615 and CS616 water content reflectometer,8,,2002,,,2013,,,,,,,,75,34.7,37.8,27.5,Clay Loam,1.41-4.23,1.35-1.60,Campbell Scientific CS615 and CS616 water content reflectometer,8,,2002,,,2013,,,,,,,,,,,,,,,,,,,,,,,,,,,,,,,,,,,,,,,,,,,,,,,,,,,,,,,,,,,,,,,,2287,s7626,Soil metadata taken from SSURGO. Soil textures taken from USDA soil texture triangle
0020440812,West Texas Mesonet,St.Lawrence5SW,St. Lawrence,St. Lawrence,Glasscock,Texas,31.66,-101.60,2009,2010,Daily,31,4,5,6.7,62.3,31,Silty Clay Loam,4.23-14.11,1.35-1.50,Campbell Scientific CS615 and CS616 water content reflectometer,12,,2008,,,2013,,,,,,,,20,6.7,62.3,31,Silty Clay Loam,4.23-14.11,1.35-1.50,Campbell Scientific CS615 and CS616 water content reflectometer,12,,2008,,,2013,,,,,,,,60,6.7,62.3,31,Silty Clay Loam,4.23-14.11,1.45-1.65,Campbell Scientific CS615 and CS616 water content reflectometer,12,,2008,,,2013,,,,,,,,75,6.7,62.3,31,Silty Clay Loam,4.23-14.11,1.45-1.65,Campbell Scientific CS615 and CS616 water content reflectometer,12,,2008,,,2013,,,,,,,,,,,,,,,,,,,,,,,,,,,,,,,,,,,,,,,,,,,,,,,,,,,,,,,,,,,,,,,,2693,s7593,Soil metadata taken from SSURGO. Soil textures taken from USDA soil texture triangle
0020450212,West Texas Mesonet,Sundown8WSW,Sundown (Mallet Ranch),Sundown,Cochran,Texas,33.39,-102.61,2009,2010,Daily,71,4,5,94.4,0.6,5,Sand,42.34-141.14,1.30-1.40,Campbell Scientific CS615 and CS616 water content reflectometer,2,,2002,,,2013,,,,,,,,20,94.4,0.6,5,Sand,42.34-141.14,1.50-1.60,Campbell Scientific CS615 and CS616 water content reflectometer,2,,2002,,,2013,,,,,,,,60,94.4,0.6,5,Sand,42.34-141.14,1.50-1.60,Campbell Scientific CS615 and CS616 water content reflectometer,2,,2002,,,2013,,,,,,,,75,94.4,0.6,5,Sand,42.34-141.14,1.50-1.60,Campbell Scientific CS615 and CS616 water content reflectometer,2,,2002,,,2013,,,,,,,,,,,,,,,,,,,,,,,,,,,,,,,,,,,,,,,,,,,,,,,,,,,,,,,,,,,,,,,,3625,s7503,Soil metadata taken from SSURGO. Soil textures taken from USDA soil texture triangle
0020460712,West Texas Mesonet,TatumNM2SW,Tatum,Tatum,Lea,New Mexico,33.24,-103.35,2010,2010,Daily,71,4,5,43,39.5,17.5,Loam,4.23-14.11,1.35-1.45,Campbell Scientific CS615 and CS616 water content reflectometer,10,,2007,,,2013,,,,,,,,20,43,39.5,17.5,Loam,4.23-14.11,1.35-1.45,Campbell Scientific CS615 and CS616 water content reflectometer,10,,2007,,,2013,,,,,,,,60,43,39.5,17.5,Loam,0.07-4.23,1.40-1.65,Campbell Scientific CS615 and CS616 water content reflectometer,10,,2007,,,2013,,,,,,,,75,43,39.5,17.5,Loam,0.07-4.23,1.40-1.65,Campbell Scientific CS615 and CS616 water content reflectometer,10,,2007,,,2013,,,,,,,,,,,,,,,,,,,,,,,,,,,,,,,,,,,,,,,,,,,,,,,,,,,,,,,,,,,,,,,,4018,s5254,Soil metadata taken from SSURGO. Soil textures taken from USDA soil texture triangle
0020510112,West Texas Mesonet,,Plainview,Plainview,Hale,Texas,34.17,-101.70,2004,2010,Daily,71,4,5,34.2,32.3,33.5,Clay Loam,1.41-4.23,1.25-1.40,Campbell Scientific CS615 and CS616 water content reflectometer,2,,2001,,,2013,,,,,,,,20,34.2,32.3,33.5,Clay Loam,.42-1.41,1.30-1.55,Campbell Scientific CS615 and CS616 water content reflectometer,2,,2001,,,2013,,,,,,,,60,34.2,32.3,33.5,Clay Loam,1.41-4.23,1.25-1.40,Campbell Scientific CS615 and CS616 water content reflectometer,2,,2001,,,2013,,,,,,,,75,34.2,32.3,33.5,Clay Loam,4.23-14.11,1.30-1.50,Campbell Scientific CS615 and CS616 water content reflectometer,2,,2001,,,2013,,,,,,,,,,,,,,,,,,,,,,,,,,,,,,,,,,,,,,,,,,,,,,,,,,,,,,,,,,,,,,,,3358,s7572,Soil metadata taken from SSURGO. Soil textures taken from USDA soil texture triangle
0020520112,West Texas Mesonet,,Andrews,Andrews,Andrews,Texas,32.32,-102.50,2001,2010,Daily,52,4,5,57,18,25,Sandy Clay Loam,14.11-42.34,1.35-1.55,Campbell Scientific CS615 and CS616 water content reflectometer,11,,2005,,,2013,,,,,,,,20,69.6,16.4,14,Sandy Clay Loam,14.11-42.34,1.35-1.55,Campbell Scientific CS615 and CS616 water content reflectometer,11,,2005,,,2013,,,,,,,,60,57,18,25,Sandy Clay Loam,4.23-14.11,1.35-1.55,Campbell Scientific CS615 and CS616 water content reflectometer,11,,2005,,,2013,,,,,,,,75,57,18,25,Sandy Clay Loam,0.42-1.41,1.30-1.55,Campbell Scientific CS615 and CS616 water content reflectometer,11,,2005,,,2013,,,,,,,,,,,,,,,,,,,,,,,,,,,,,,,,,,,,,,,,,,,,,,,,,,,,,,,,,,,,,,,,3169,s7327,Soil metadata taken from SSURGO. Soil textures taken from USDA soil texture triangle
0020530212,West Texas Mesonet,,Graham,Graham,Garza,Texas,33.07,-101.50,2001,2010,Daily,52,4,5,38.5,36.5,25,Loam,4.23-14.11,1.35-1.50,Campbell Scientific CS615 and CS616 water content reflectometer,1,,2002,,,2013,,,,,,,,20,38.5,36.5,25,Loam,4.23-14.11,1.35-1.50,Campbell Scientific CS615 and CS616 water content reflectometer,1,,2002,,,2013,,,,,,,,60,38.5,36.5,25,Loam,4.23-14.11,1.35-1.55,Campbell Scientific CS615 and CS616 water content reflectometer,1,,2002,,,2013,,,,,,,,75,38.5,36.5,25,Loam,4.23-14.11,1.40-1.55,Campbell Scientific CS615 and CS616 water content reflectometer,1,,2002,,,2013,,,,,,,,,,,,,,,,,,,,,,,,,,,,,,,,,,,,,,,,,,,,,,,,,,,,,,,,,,,,,,,,2870,s7753,Soil metadata taken from SSURGO. Soil textures taken from USDA soil texture triangle
0020540112,West Texas Mesonet,,Haskell,Haskell,Haskell,Texas,33.17,-99.73,2001,2010,Daily,71,4,5,34.7,37.8,27.5,Clay Loam,4.23-14.11,1.25-1.45,Campbell Scientific CS615 and CS616 water content reflectometer,4,,2009,,,2013,,,,,,,,20,34.7,37.8,27.5,Clay Loam,1.41-14.11,1.35-1.55,Campbell Scientific CS615 and CS616 water content reflectometer,4,,2009,,,2013,,,,,,,,60,34.7,37.8,27.5,Clay Loam,1.41-4.23,1.35-1.55,Campbell Scientific CS615 and CS616 water content reflectometer,4,,2009,,,2013,,,,,,,,75,34.7,37.8,27.5,Clay Loam,1.41-4.23,1.35-1.60,Campbell Scientific CS615 and CS616 water content reflectometer,4,,2009,,,2013,,,,,,,,,,,,,,,,,,,,,,,,,,,,,,,,,,,,,,,,,,,,,,,,,,,,,,,,,,,,,,,,1605,s7625,Soil metadata taken from SSURGO. Soil textures taken from USDA soil texture triangle
0020550112,West Texas Mesonet,,Knox City,Knox City,Knox,Texas,33.43,-99.85,2001,2010,Daily,52,4,5,39.2,37.3,23.5,Loam,4.23-14.11,1.35-1.50,Campbell Scientific CS615 and CS616 water content reflectometer,3,,2010,,,2013,,,,,,,,20,39.2,37.3,23.5,Loam,1.41-4.23,1.45-1.60,Campbell Scientific CS615 and CS616 water content reflectometer,3,,2010,,,2013,,,,,,,,60,39.2,37.3,23.5,Loam,1.41-4.23,1.40-1.65,Campbell Scientific CS615 and CS616 water content reflectometer,3,,2010,,,2013,,,,,,,,75,39.2,37.3,23.5,Loam,1.41-4.23,1.45-1.60,Campbell Scientific CS615 and CS616 water content reflectometer,3,,2010,,,2013,,,,,,,,,,,,,,,,,,,,,,,,,,,,,,,,,,,,,,,,,,,,,,,,,,,,,,,,,,,,,,,,1470,s7610,Soil metadata taken from SSURGO. Soil textures taken from USDA soil texture triangle
0020560112,West Texas Mesonet,,Lake Alan Henry,Lake Alan Henry,Garza,Texas,33.07,-101.05,2001,2010,Daily,52,4,5,22.1,27.9,50,Clay,0.00-0.42,1.35-1.55,Campbell Scientific CS615 and CS616 water content reflectometer,8,,2005,,,2013,,,,,,,,20,22.1,27.9,50,Clay,0.00-0.42,1.35-1.55,Campbell Scientific CS615 and CS616 water content reflectometer,8,,2005,,,2013,,,,,,,,60,22.1,27.9,50,Clay,0.00-0.42,1.35-1.55,Campbell Scientific CS615 and CS616 water content reflectometer,8,,2005,,,2013,,,,,,,,75,22.1,27.9,50,Clay,0.00-0.42,1.70-2.25,Campbell Scientific CS615 and CS616 water content reflectometer,8,,2005,,,2013,,,,,,,,,,,,,,,,,,,,,,,,,,,,,,,,,,,,,,,,,,,,,,,,,,,,,,,,,,,,,,,,2321,s7407,Soil metadata taken from SSURGO. Soil textures taken from USDA soil texture triangle
0020570212,West Texas Mesonet,,McLean,McLean,Gray,Texas,35.23,-100.57,2002,2010,Daily,52,4,5,83.1,9.4,7.5,Loamy Sand,14.11-42.34,1.35-1.50,Campbell Scientific CS615 and CS616 water content reflectometer,2,,2005,,,2013,,,,,,,,20,83.1,9.4,7.5,Loamy Sand,14.11-42.34,1.35-1.50,Campbell Scientific CS615 and CS616 water content reflectometer,2,,2005,,,2013,,,,,,,,60,83.1,9.4,7.5,Loamy Sand,4.23-14.11,1.50-1.70,Campbell Scientific CS615 and CS616 water content reflectometer,2,,2005,,,2013,,,,,,,,75,83.1,9.4,7.5,Loamy Sand,14.11-42.34,1.50-1.70,Campbell Scientific CS615 and CS616 water content reflectometer,2,,2005,,,2013,,,,,,,,,,,,,,,,,,,,,,,,,,,,,,,,,,,,,,,,,,,,,,,,,,,,,,,,,,,,,,,,2863,s6198,Soil metadata taken from SSURGO. Soil textures taken from USDA soil texture triangle
0020580312,West Texas Mesonet,,Odell,Odell,Wilbarger,Texas,34.35,-99.35,2003,2010,Daily,52,4,5,80.8,9.2,10,Loamy Sand,42.34-141.14,1.50-1.65,Campbell Scientific CS615 and CS616 water content reflectometer,4,,2012,,,2013,,,,,,,,20,80.8,9.2,10,Loamy Sand,42.34-141.14,1.50-1.65,Campbell Scientific CS615 and CS616 water content reflectometer,4,,2012,,,2013,,,,,,,,60,80.8,9.2,10,Loamy Sand,14.11-42.34,1.50-1.65,Campbell Scientific CS615 and CS616 water content reflectometer,4,,2012,,,2013,,,,,,,,75,80.8,9.2,10,Loamy Sand,14.11-42.23,1.50-1.70,Campbell Scientific CS615 and CS616 water content reflectometer,4,,2012,,,2013,,,,,,,,,,,,,,,,,,,,,,,,,,,,,,,,,,,,,,,,,,,,,,,,,,,,,,,,,,,,,,,,1371,s7655,Soil metadata taken from SSURGO. Soil textures taken from USDA soil texture triangle
0020590310,West Texas Mesonet,,Pine Springs,Pine Springs GMNP,Culberson,Texas,31.88,-104.80,2003,2010,Daily,71,4,5,39.2,37.3,23.5,Loam,4.23-14.11,1.45-1.65,Campbell Scientific CS615 and CS616 water content reflectometer,9,,2010,,,2013,,,,,,,,20,39.2,37.3,23.5,Loam,4.23-14.11,1.45-1.65,Campbell Scientific CS615 and CS616 water content reflectometer,9,,2010,,,2013,,,,,,,,60,39.2,37.3,23.5,Loam,4.23-14.11,1.45-1.65,Campbell Scientific CS615 and CS616 water content reflectometer,9,,2010,,,2013,,,,,,,,75,39.2,37.3,23.5,Loam,1.41-4.23,1.40-1.50,Campbell Scientific CS615 and CS616 water content reflectometer,9,,2010,,,2013,,,,,,,,,,,,,,,,,,,,,,,,,,,,,,,,,,,,,,,,,,,,,,,,,,,,,,,,,,,,,,,,5571,s7606,Soil metadata taken from SSURGO. Soil textures taken from USDA soil texture triangle
0020600410,West Texas Mesonet,,Post,Post,Garza,Texas,33.20,-101.37,2004,2010,Daily,71,4,5,22.1,27.9,50,Clay,0.00-0.42,1.35-1.55,Campbell Scientific CS615 and CS616 water content reflectometer,11,,2001,,,2013,,,,,,,,20,22.1,27.9,50,Clay,0.00-0.42,1.35-1.55,Campbell Scientific CS615 and CS616 water content reflectometer,11,,2001,,,2013,,,,,,,,60,22.1,27.9,50,Clay,0.00-0.42,1.70-2.25,Campbell Scientific CS615 and CS616 water content reflectometer,11,,2001,,,2013,,,,,,,,75,22.1,27.9,50,Clay,0.00-0.42,1.70-2.25,Campbell Scientific CS615 and CS616 water content reflectometer,11,,2001,,,2013,,,,,,,,,,,,,,,,,,,,,,,,,,,,,,,,,,,,,,,,,,,,,,,,,,,,,,,,,,,,,,,,2598,s7407,Soil metadata taken from SSURGO. Soil textures taken from USDA soil texture triangle
0020610510,West Texas Mesonet,Quitaque3NNWCCSP,Quitaque,Quitaque,Briscoe,Texas,34.40,-101.07,2005,2010,Daily,71,4,5,70.9,16.6,12.5,Sandy Loam,14.11-42.34,1.40-1.60,Campbell Scientific CS615 and CS616 water content reflectometer,1,,2011,,,2013,,,,,,,,20,70.9,16.6,12.5,Sandy Loam,14.11-42.34,1.40-1.60,Campbell Scientific CS615 and CS616 water content reflectometer,1,,2011,,,2013,,,,,,,,60,70.9,16.6,12.5,Sandy Loam,4.23-14.11,1.50-1.65,Campbell Scientific CS615 and CS616 water content reflectometer,1,,2011,,,2013,,,,,,,,75,70.9,16.6,12.5,Sandy Loam,4.23-14.11,1.50-1.65,Campbell Scientific CS615 and CS616 water content reflectometer,1,,2011,,,2013,,,,,,,,,,,,,,,,,,,,,,,,,,,,,,,,,,,,,,,,,,,,,,,,,,,,,,,,,,,,,,,,2650,s7474,Soil metadata taken from SSURGO. Soil textures taken from USDA soil texture triangle
0020620810,West Texas Mesonet,,Slaton,Slaton,Lubbock,Texas,33.45,-101.62,2008,2010,Daily,71,4,5,41.1,37.1,21.5,Loam,4.23-14.11,1.30-1.55,Campbell Scientific CS615 and CS616 water content reflectometer,2,,2001,,,2013,,,,,,,,20,41.1,37.1,21.5,Loam,4.23-14.11,1.30-1.55,Campbell Scientific CS615 and CS616 water content reflectometer,2,,2001,,,2013,,,,,,,,60,41.1,37.1,21.5,Loam,4.23-14.11,1.40-1.65,Campbell Scientific CS615 and CS616 water content reflectometer,2,,2001,,,2013,,,,,,,,75,41.1,37.1,21.5,Loam,4.23-14.11,1.40-1.65,Campbell Scientific CS615 and CS616 water content reflectometer,2,,2001,,,2013,,,,,,,,,,,,,,,,,,,,,,,,,,,,,,,,,,,,,,,,,,,,,,,,,,,,,,,,,,,,,,,,3065,s7153,Soil metadata taken from SSURGO. Soil textures taken from USDA soil texture triangle
0020630810,West Texas Mesonet,,Snyder,Snyder,Scurry,Texas,32.70,-100.85,2008,2010,Daily,52,4,5,70.9,16.6,12.5,Sandy Loam,14.11-42.34,1.40-1.60,Campbell Scientific CS615 and CS616 water content reflectometer,4,,2003,,,2013,,,,,,,,20,70.9,16.6,12.5,Sandy Loam,14.11-42.34,1.40-1.60,Campbell Scientific CS615 and CS616 water content reflectometer,4,,2003,,,2013,,,,,,,,60,70.9,16.6,12.5,Sandy Loam,4.23-14.11,1.50-1.65,Campbell Scientific CS615 and CS616 water content reflectometer,4,,2003,,,2013,,,,,,,,75,70.9,16.6,12.5,Sandy Loam,4.23-14.11,1.50-1.65,Campbell Scientific CS615 and CS616 water content reflectometer,4,,2003,,,2013,,,,,,,,,,,,,,,,,,,,,,,,,,,,,,,,,,,,,,,,,,,,,,,,,,,,,,,,,,,,,,,,2431,s7471,Soil metadata taken from SSURGO. Soil textures taken from USDA soil texture triangle
0020640910,West Texas Mesonet,,Tahoka,Tahoka,Lynn,Texas,33.20,-101.77,2009,2010,Daily,71,4,5,69.6,16.4,14,Sandy Loam,14.11-42.34,1.35-1.60,Campbell Scientific CS615 and CS616 water content reflectometer,2,,2001,,,2013,,,,,,,,20,69.6,16.4,14,Sandy Loam,14.11-42.34,1.35-1.60,Campbell Scientific CS615 and CS616 water content reflectometer,2,,2001,,,2013,,,,,,,,60,69.6,16.4,14,Sandy Loam,4.23-14.11,1.30-1.65,Campbell Scientific CS615 and CS616 water content reflectometer,2,,2001,,,2013,,,,,,,,75,69.6,16.4,14,Sandy Loam,4.23-14.11,1.30-1.65,Campbell Scientific CS615 and CS616 water content reflectometer,2,,2001,,,2013,,,,,,,,,,,,,,,,,,,,,,,,,,,,,,,,,,,,,,,,,,,,,,,,,,,,,,,,,,,,,,,,3104,s7164,Soil metadata taken from SSURGO. Soil textures taken from USDA soil texture triangle
,,,,,,,,,,,,,,,,,,,,,,,,,,,,,,,,,,,,,,,,,,,,,,,,,,,,,,,,,,,,,,,,,,,,,,,,,,,,,,,,,,,,,,,,,,,,,,,,,,,,,,,,,,,,,,,,,,,,,,,,,,,,,,,,,,,,,,,,,,,,,,,,,,,,,,,,,,,,
,,,,,,,,,,,,,,,,,,,,,,,,,,,,,,,,,,,,,,,,,,,,,,,,,,,,,,,,,,,,,,,,,,,,,,,,,,,,,,,,,,,,,,,,,,,,,,,,,,,,,,,,,,,,,,,,,,,,,,,,,,,,,,,,,,,,,,,,,,,,,,,,,,,,,,,,,,,,
,,,,,,,,,,,,,,,,,,,,,,,,,,,,,,,,,,,,,,,,,,,,,,,,,,,,,,,,,,,,,,,,,,,,,,,,,,,,,,,,,,,,,,,,,,,,,,,,,,,,,,,,,,,,,,,,,,,,,,,,,,,,,,,,,,,,,,,,,,,,,,,,,,,,,,,,,,,,
,,,,,,,,,,,,,,,,,,,,,,,,,,,,,,,,,,,,,,,,,,,,,,,,,,,,,,,,,,,,,,,,,,,,,,,,,,,,,,,,,,,,,,,,,,,,,,,,,,,,,,,,,,,,,,,,,,,,,,,,,,,,,,,,,,,,,,,,,,,,,,,,,,,,,,,,,,,,
,,,,,,,,,,,,,,,,,,,,,,,,,,,,,,,,,,,,,,,,,,,,,,,,,,,,,,,,,,,,,,,,,,,,,,,,,,,,,,,,,,,,,,,,,,,,,,,,,,,,,,,,,,,,,,,,,,,,,,,,,,,,,,,,,,,,,,,,,,,,,,,,,,,,,,,,,,,,
